nmId,rank,revenue,price,units,rating,comments,salesPerDay,brand,name
237194752,1,107095355,1150,83285,5,26263,915,"","Рубашка оверсайз прозрачная летняя"
895767631,2,85886837,720,62235,5,6599,684,"Meniki Wear","Рубашка летняя прозрачная"
783316046,3,66138435,980,57481,5,3455,632,"AklSon","Рубашка прозрачная оверсайз"
789275058,4,52125591,1224,34694,5,2233,381,"","Рубашка оверсайз прозрачная летняя"
34663958,5,50669609,1415,46126,5,5920,507,"Say Love","Рубашка летняя из хлопка с объемными рукавами"
328892062,6,49667039,1411,43662,5,9234,480,"SYRGISHOPP","Рубашка в клетку оверсайз удлиненная на весну и лето"
783325094,7,49161844,980,38917,5,2256,428,"AklSon","Рубашка прозрачная оверсайз"
205764778,8,47835876,1833,30286,5,14882,333,"IMPERIA SECRET","Рубашка больших размеров летняя на пуговицах офисная"
783411514,9,46867644,840,35813,5,1766,394,"AklSon","Рубашка прозрачная оверсайз"
783328173,10,45763214,980,34600,5,2289,380,"AklSon","Рубашка оверсайз прозрачная"
783414677,11,43999339,875,32796,5,1656,360,"AklSon","Рубашка прозрачная оверсайз"
297675127,12,43274228,1700,22998,5,6883,253,"DEN EMOTION","Летняя голубая рубашка в полоску оверсайз как из PINTEREST"
232164988,13,42869100,909,31828,5,6842,350,"UVA style","Рубашка блузка летняя оверсайз марлевка"
820249117,14,42079324,3454,12233,5,1439,134,"VIVA VEA","Рубашка льняная летняя с коротким рукавом"
724632121,15,40584456,967,34832,5,3716,383,"PREMIUM B","Рубашка оверсайз летняя хлопок"
757948367,16,39534482,1691,22050,5,2157,242,"Galala","Футболка поло оверсайз"
341037561,17,39072690,1173,27515,5,3210,302,"","Рубашка оверсайз прозрачная летняя"
317965299,18,37792806,1648,23644,5,3618,260,"Zella","Рубашка летняя легкая туника парео пляжное хлопок100%"
725085765,19,37113248,1542,28228,5,15841,310,"StaRoSta","Рубашка школьная оверсайз"
895784726,20,36601052,900,24428,5,1766,268,"Meniki Wear","Рубашка летняя прозрачная"
297181520,21,35926575,1157,23395,5,10704,257,"DEN EMOTION","Летняя рубашка в клетку oversize как из PINTEREST"
237194753,22,35687393,1224,24077,5,5523,265,"","Рубашка оверсайз прозрачная летняя"
13894376,23,35539416,1548,34284,5,73375,377,"Malozemoff","Рубашка офисная школьная"
895784725,24,34257343,900,27780,5,1756,305,"Meniki Wear","Рубашка летняя прозрачная"
494807118,25,33508599,1761,15901,5,1476,175,"ilookhome","Рубашка в полоску оверсайз для офиса и школы"
390492645,26,30515436,2959,10200,5,2257,112,"Feel Fine","Льняная рубашка летняя оверсайз Old Money"
502610920,27,30276645,2457,11990,5,23944,132,"Apparelle","Рубашка в полоску оверсайз хлопок"
160987536,28,29612791,989,37269,5,19373,410,"ТЫСЯЧА СТОЛИЦ","Блузка летняя кружевная хлопок"
111685985,29,28075430,2223,14622,5,6180,161,"Baleroshka","Блузка школьная нарядная с длинным рукавом"
171241228,30,27467302,2028,15696,5,24025,172,"ТЫСЯЧА СТОЛИЦ","Рубашка приталенная офисная школьная"
10147914,31,27065999,440,61575,5,120255,677,"A-A Awesome Apparel by Ksenia Avakyan","Блузка белая с коротким рукавом"
895784728,32,26406376,900,17641,5,1160,194,"Meniki Wear","Рубашка летняя прозрачная"
317965436,33,25814920,1957,13604,5,1865,149,"Zella","Рубашка летняя туника пляжное легкое парео 100% вискоза"
324949318,34,25525441,1468,19405,5,9739,213,"mgnovenie","Рубашка летняя легкая оверсайз"
467086491,35,25341530,1157,14077,5,3174,155,"DEN EMOTION","Осенняя сиреневая рубашка в клетку оверсайз как из PINTEREST"
473155591,36,25287627,1129,15886,5,2198,175,"DEN EMOTION","Рубашка летняя в клетку оверсайз бежевая"
39565985,37,24938120,2001,16532,5,144210,182,"Say Love","Рубашка оверсайз офисная блузка школьная"
227781398,38,24569938,1860,9635,5,15247,106,"AIDEMIKO","Рубашка летняя из муслина оверсайз"
433678799,39,24040217,1407,15105,5,4264,166,"Purrr","Блузка бохо из муслина"
895784727,40,23771791,900,15941,5,1060,175,"Meniki Wear","Рубашка летняя прозрачная"
317965435,41,23494310,1906,12885,5,1951,142,"Zella","Рубашка летняя туника пляжное легкое парео 100% вискоза"
789256100,42,23424080,1224,16495,5,1092,181,"","Рубашка оверсайз прозрачная летняя"
494807116,43,23154043,1761,11752,5,1016,129,"ilookhome","Рубашка в полоску оверсайз для офиса и школы"
219401072,44,23076346,1984,8952,5,15247,98,"AIDEMIKO","Рубашка летняя из муслина оверсайз"
160450144,45,22695277,2195,11889,5,5165,131,"Baleroshka","Блузка школьная нарядная с длинными рукавами"
789256099,46,22580765,1224,15428,5,1305,170,"","Рубашка оверсайз прозрачная летняя"
400519206,47,22571868,1432,13188,5,3944,145,"INLITE","Рубашка в клетку оверсайз"
770520523,48,22221577,2310,13677,5,2926,150,"PREMIUM B","Рубашка на запах в полоску"
1008127000,49,21793662,735,16504,5,675,181,"AklSon","Рубашка прозрачная оверсайз"
179331048,50,21378228,1548,18962,5,31349,208,"Malozemoff","Рубашка классическая приталенная офисная школьная"
317965456,51,21376829,1648,13606,5,3897,150,"Zella","Рубашка летняя легкая туника парео пляжное хлопок100%"
327286708,52,21341954,1387,12634,5,12048,139,"ТЫСЯЧА СТОЛИЦ","Блузка летняя с коротким рукавом"
1066755968,53,21012080,1879,12150,5,1926,134,"LallyRose","Рубашка в полоску оверсайз"
313560644,54,20895471,2243,10597,5,10263,116,"VIVA VEA","Блузка летняя с коротким рукавом для школы и офиса"
418583488,55,20713041,2246,10030,5,1660,110,"IHOMELUX","Блузка больших размеров с коротким рукавом"
176252338,56,20516288,2457,8421,5,24065,93,"Apparelle","Рубашка оверсайз в полоску"
789279836,57,20358517,1224,13860,5,819,152,"","Рубашка оверсайз прозрачная летняя"
694695755,58,20306115,2310,13758,5,2926,151,"PREMIUM B","Рубашка на запах в полоску"
435474874,59,19964008,1404,13495,5,2615,148,"Purrr","Рубашка укороченная оверсайз без воротника"
317965454,60,19556684,1493,12916,5,5119,142,"Zella","Рубашка летняя легкая туника парео пляжное хлопок100%"
324949319,61,19392253,1374,14149,5,9739,155,"mgnovenie","Рубашка летняя легкая оверсайз"
916246183,62,19249809,1946,8243,5,1040,91,"TIHEYA","Рубашка летняя льняная оверсайз"
816838643,63,18551985,2694,6625,5,2781,73,"KM STYLE","Блузка рубашка нарядная стильная с рукавами фонариками"
238368363,64,18397463,1176,20526,5,13910,226,"ТЫСЯЧА СТОЛИЦ","Блузка нарядная кружевная"
99236887,65,18100164,1871,10300,5,17812,113,"Nemoda","Блузка белая в школу"
724652095,66,18044853,967,15767,5,3716,173,"PREMIUM B","Рубашка оверсайз прозрачная летняя"
444629269,67,18041608,1856,11035,5,1463,121,"Nurzatlook","Рубашка белая школьная"
918830680,68,17821279,1854,10850,5,749,119,"Zella","Рубашка летняя легкая туника парео пляжное хлопок 100%"
317965463,69,17789968,1545,11465,5,3837,126,"Zella","Рубашка летняя легкая туника парео пляжное из хлопка"
676594485,70,17582713,1251,11278,5,2705,124,"Elaria Fam","Рубашка оверсайз прозрачная летняя"
789256098,71,17472740,1173,11409,5,683,125,"","Рубашка оверсайз прозрачная летняя"
111089894,72,17372916,2001,11487,5,144210,126,"Say Love","Рубашка оверсайз офисная блузка школьная"
332374699,73,17246689,1700,9489,5,3900,104,"DEN EMOTION","Летняя мятная рубашка в полоску оверсайз как из PINTEREST"
297691862,74,17213329,1600,11214,5,3148,123,"DEN EMOTION","Летняя бежевая рубашка в полоску оверсайз как из PINTEREST"
327445525,75,15943240,2125,8749,5,5693,96,"ТЫСЯЧА СТОЛИЦ","Блузка нарядная шитье больших размеров"
494807121,76,15801342,1761,7124,5,702,78,"ilookhome","Рубашка в полоску оверсайз для офиса и школы"
936884938,77,15778800,979,10783,5,624,118,"","Рубашка оверсайз прозрачная летняя"
160390186,78,15524078,1558,9345,5,6460,103,"2Nika","Блузка офисная с коротким рукавом и в школу"
214651615,79,15447260,1199,13443,5,2874,148,"BONTA LOVE","Блузка летняя офисная с коротким рукавом"
6997852,80,15418839,3462,4943,5,7215,54,"MAGIC PEOPLE","Блузка летняя офисная"
320897845,81,15312528,1581,12284,5,2185,135,"shoola","Рубашка в клетку оверсайз удлиненная"
850225854,82,15184483,1320,9352,5,1476,103,"AIDEMIKO","Рубашка оверсайз прозрачная летняя"
317965477,83,15086172,1596,10026,5,3276,110,"Zella","Рубашка летняя легкая туника парео пляжное из хлопка"
317965489,84,15055461,1741,8633,5,1475,95,"Zella","Рубашка летняя легкая туника парео пляжное муслин хлопок100%"
163176171,85,14999057,1213,13923,5,28546,153,"ТЫСЯЧА СТОЛИЦ","Блузка летняя пляжная шитье"
214651318,86,14926795,1649,10486,5,2040,115,"BONTA LOVE","Блузка летняя офисная с коротким рукавом"
35135771,87,14896297,4000,3382,5,3408,37,"MAIJU","Рубашка 100% льняная оверсайз базовая"
452474480,88,14826131,1941,10936,5,1972,120,"AklSon","рубашка на пуговицах"
111122170,89,14795249,1445,10935,5,63290,120,"ТЫСЯЧА СТОЛИЦ","Рубашка приталенная офисная"
245321357,90,14780031,2921,6634,5,2419,73,"WEV","Рубашка школьная хлопок оверсайз нарядная блузка в офис"
789275059,91,14651028,979,9815,5,481,108,"","Рубашка оверсайз прозрачная летняя"
324937598,92,14553087,1405,11856,5,4400,130,"A STUDIOO","Рубашка оверсайз прозрачная летняя"
776242947,93,14553017,2302,7018,5,10236,77,"ALUNA","Рубашка в клетку фланелевая оверсайз"
918827066,94,14527135,2576,5849,5,468,64,"Zella","Рубашка летняя легкая туника парео пляжное из хлопка"
803574705,95,14507063,1961,8660,5,1242,95,"Аisаmikg","Рубашка на запах в полоску с кружевом"
908045628,96,14482875,720,20811,5,1880,229,"Lady of the Moon","Блузка летняя с коротким рукавом"
430761899,97,14386468,1251,11996,5,7149,132,"Purrr","Блузка нарядная леопардовая"
169135911,98,14330574,2386,5717,5,6615,63,"LOOKBALANCE","Блузка базовая под пиджак кружевная"
317965441,99,14295469,1906,7832,5,2067,86,"Zella","Рубашка летняя туника пляжное легкое парео 100% вискоза"
317965431,100,14255997,1906,7763,5,1390,85,"Zella","Рубашка летняя туника пляжное легкое парео 100% вискоза"
462814505,101,14093094,4161,3457,5,303,38,"TimLand","Рубашка оверсайз голубая лен хлопок"
1008115653,102,14076979,770,11775,5,457,129,"AklSon","Рубашка прозрачная оверсайз"
466699661,103,14072378,1667,10098,5,2237,111,"ElyaShop","Рубашка женская больших размеров"
789256097,104,14059002,1224,9315,5,763,102,"","Рубашка оверсайз прозрачная летняя"
388833045,105,14033743,1650,7384,5,2023,81,"DEN EMOTION","Летняя желтая рубашка в полоску оверсайз как из PINTEREST"
676576202,106,13798487,1460,8881,5,2705,98,"Elaria Fam","Рубашка оверсайз прозрачная летняя женская"
357399091,107,13739232,1557,7653,5,1424,84,"Mod Vibe","Блузка женская с завязками летняя"
942632654,108,13731810,1080,11414,5,752,125,"CZY STYLE","Блузка офисная больших размеров"
474804200,109,13690392,1710,11119,5,1902,122,"Sol de Luna","Блузка нарядная летняя больших размеров"
214652328,110,13586871,1289,10415,5,2528,114,"BONTA LOVE","Блузка офисная больших размеров"
889904974,111,13557760,1891,7531,5,909,83,"MAVEL","Рубашка корсет y2k"
95666072,112,13533299,1737,8925,5,25239,98,"ТЫСЯЧА СТОЛИЦ","Рубашка оверсайз школьная офисная"
873220617,113,13445749,1474,8162,5,1863,90,"","Рубашка оверсайз тонкая летняя"
918830687,114,13349236,1854,7851,5,455,86,"Zella","Рубашка летняя легкая туника парео пляжное хлопок100%"
529014552,115,13302137,3130,3949,5,1152,43,"twoself","Рубашка джинсовая оверсайз"
423065982,116,13211837,1950,7613,5,967,84,"Вайнона","Рубашка приталенная школьняя"
703515125,117,13198359,2247,6464,5,1346,71,"CAMPBI","Рубашка в полоску оверсайз хлопок"
396043253,118,13127438,1283,9267,5,1645,102,"INLITE","Рубашка оверсайз прозрачная летняя"
258326183,119,13122077,2712,5373,5,17929,59,"MENOLA","Рубашка в клетку оверсайз со стразами"
822611845,120,12922443,2475,4836,5,1062,53,"Levient","Жаккарда блузка нарядная с баской и рукавами фонариками"
694695756,121,12891563,2310,7392,5,2926,81,"PREMIUM B","Рубашка ласточка на запах в полоску"
317965312,122,12798394,1596,8672,5,1234,95,"Zella","Рубашка летняя легкая туника парео пляжное муслин хлопок100%"
797470537,123,12737246,2812,7204,5,2635,79,"ТЫСЯЧА СТОЛИЦ","Блузка раффл с завышенной талией и манжетами"
918857520,124,12714748,2370,5404,5,173,59,"Zella","Блузка летняя хлопковая в больших размерах"
249545959,125,12663382,1445,8571,5,2341,94,"Larisabelle","Рубашка летняя прозрачная оверсайз"
214652884,126,12577129,479,12914,5,2799,142,"BONTA LOVE","Блузка офисная больших размеров"
165232042,127,12573228,1223,8962,5,16229,98,"THIRTEEN BRAND","Летняя Рубашка в клетку оверсайз"
111687725,128,12569678,2195,6448,5,4508,71,"Baleroshka","Блузка школьная нарядная с длинным рукавом"
231690683,129,12447590,2756,5110,5,5661,56,"COSMO BRAND","Рубашка классическая для офиса и школы"
304389737,130,12417884,1590,7605,5,1116,84,"Camicia","Блузка летняя с коротким рукавом"
821931687,131,12409020,1575,8092,5,1890,89,"Байрасс","рубашка полоску оверсайз"
226093876,132,12238356,2457,5021,5,23939,55,"Apparelle","Рубашка оверсайз в полоску"
342248350,133,12218858,2168,5372,5,2035,59,"VZROSLAЯ","Рубашка оверсайз в полоску"
396148266,134,12207536,1326,8670,5,1387,95,"UVA style","Рубашка летняя оверсайз марлевка"
85015015,135,12159363,1246,11545,5,12260,127,"Larss","Туника пляжная летняя накидка"
357842511,136,12087237,1584,5832,5,8415,64,"Alesta Bis","Блузка с коротким рукавом рубашка школьная"
471106173,137,12059001,1620,7960,5,5702,87,"LallyRose","Блузка нарядная кимоно"
583062891,138,11986890,1951,6548,5,3144,72,"Аisаmikg","Рубашка на запах в полоску"
412019146,139,11966914,1384,8594,5,2784,94,"Purrr","Рубашка длинная оверсайз в полоску"
851528426,140,11905546,1000,11705,5,1092,129,"Lady of the Moon","Блузка женская летняя с коротким рукавом"
896488700,141,11901557,1550,8359,5,626,92,"","Рубашка оверсайз прозрачная летняя марлевка"
163691368,142,11857738,1568,11646,5,8741,128,"ТЫСЯЧА СТОЛИЦ","Блузка летняя хлопковая"
274639463,143,11785907,1971,6595,5,3822,72,"","Блузка летняя белая кружевная офисная"
363113417,144,11756798,1584,5783,5,8415,64,"Alesta Bis","Блузка рубашка с коротким рукавом летняя"
104552384,145,11695740,1548,11412,5,73375,125,"Malozemoff","Рубашка классическая школьная офисная"
849239441,146,11612954,1899,6809,5,393,75,"MOLLYLANS","Нарядная блузка школьная"
896488699,147,11590121,1550,8209,5,750,90,"","Рубашка оверсайз прозрачная летняя марлевка"
317965478,148,11575405,1493,7871,5,1842,86,"Zella","Рубашка летняя легкая туника парео пляжное из хлопка"
370315977,149,11563451,3542,3844,5,919,42,"OCHEVIDNO","Рубашка туника пляжная льняная накидка"
434589752,150,11549879,2310,6106,5,4866,67,"PREMIUM B","Рубашка в полоску нарядная"
497951913,151,11522666,2310,7798,5,8799,86,"PREMIUM B","Рубашка в клетку нарядная y2k"
219401071,152,11434201,1860,4502,5,15247,49,"AIDEMIKO","Рубашка из муслина с длинным рукавом оверсайз"
143912902,153,11375182,2442,5179,5,26292,57,"TFcollection","Рубашка оверсайз школьная офисная"
435980977,154,11326248,2457,4014,5,23939,44,"Apparelle","Летняя рубашка оверсайз в полоску"
724652093,155,11307484,967,9746,5,3716,107,"PREMIUM B","Рубашка оверсайз летняя хлопок"
410294887,156,11293566,1040,8648,5,5373,95,"Purrr","Блузка нарядная"
804275936,157,11287797,1124,7618,5,420,84,"","Рубашка оверсайз прозрачная летняя"
807431420,158,11182266,1440,5348,5,1104,59,"mgnovenie","Рубашка летняя льняная оверсайз"
213111048,159,11154285,2613,4823,5,10075,53,"COSMO BRAND","Хлопковая рубашка в полоску оверсайз летняя"
715862783,160,11148770,4736,2357,5,2277,26,"Lanicka","Блузка рубашка льняная свободная с коротким рукавом белая"
219746924,161,11083086,3102,4589,5,4332,50,"D&U mens","Рубашка с длинным рукавом оверсайз"
160987535,162,11075874,1318,13056,5,19373,143,"ТЫСЯЧА СТОЛИЦ","Блузка летняя кружевная хлопок"
388242808,163,11000203,2640,5126,5,2329,56,"WEV","Рубашка офисная оверсайз нарядная блузка"
160390184,164,10999703,1537,6951,5,4420,76,"2Nika","Блузка офисная с коротким рукавом и в школу"
942648231,165,10924118,1080,8872,5,650,97,"CZY STYLE","Блузка офисная больших размеров"
229150189,166,10899804,1151,9368,5,1196,103,"BONTA LOVE","Блузка летняя офисная с коротким рукавом"
434588754,167,10868778,2310,5763,5,4866,63,"PREMIUM B","Рубашка в полоску нарядная с кружевами"
317965479,168,10782477,1648,7039,5,1665,77,"Zella","Рубашка летняя легкая туника парео пляжное из хлопка"
825063127,169,10782429,1298,8033,5,438,88,"","Рубашка оверсайз прозрачная летняя"
357842512,170,10782180,1584,5555,5,8415,61,"Alesta Bis","Летняя блузка с коротким рукавом рубашка"
207536096,171,10752783,1123,11017,5,10229,121,"ТЫСЯЧА СТОЛИЦ","Блузка нарядная летняя"
819999837,172,10704259,8035,1074,5,137,12,"OKSANA UTOVA BRAND","Рубашка оверсайз с вышивкой"
207553595,173,10681941,1937,6662,5,1798,73,"TEKCA.LINE","Блузка женская белая"
1066722588,174,10632870,1900,6351,5,1926,70,"LallyRose","Рубашка в полоску оверсайз"
197773072,175,10600484,1890,6353,5,11667,70,"Camicia","Блузка топ белая школьная"
229148305,176,10582349,1559,6545,5,876,72,"BONTA LOVE","Блузка летняя офисная с коротким рукавом"
232162832,177,10519335,1339,7707,5,1674,85,"UVA style","Рубашка оверсайз летняя прозрачная"
825060743,178,10518772,1136,7795,5,475,86,"","Рубашка оверсайз прозрачная летняя"
149864229,179,10516463,1482,6542,5,8163,72,"Larss","Туника пляжная накидка на купальник"
114753165,180,10489775,1393,9509,5,25329,104,"Bentog","Туника рубашка хлопковая больших размеров"
500127802,181,10406380,1407,6492,5,1541,71,"Purrr","Блузка бохо из муслина"
452474479,182,10390677,1830,7838,5,1633,86,"AklSon","школьная рубашка на пуговицах"
325738583,183,10385044,1684,6299,5,1754,69,"MOVATTY","Школьная блузка нарядная"
251575390,184,10348359,2457,4167,5,23939,46,"Apparelle","Рубашка оверсайз в полоску"
76720500,185,10300803,1530,9024,5,77832,99,"Malozemoff","Рубашка удлиненная приталенная базовая офисная школьная"
742641723,186,10262432,2662,3894,5,308,43,"Asya Store","Блузка рубашка офисная нарядная с гипюром"
918827083,187,10247647,1648,6273,5,221,69,"Zella","Туника летняя легкая рубашка парео пляжное"
90469383,188,10207436,1200,7715,5,8241,85,"GRANGEL","Блузка летняя с коротким рукавом"
1040070104,189,10166062,3174,2986,5,1311,33,"Julia White","Блузка нарядная ципао с баской"
278980419,190,10137296,960,7630,5,1837,84,"LS style","Рубашка оверсайз в полоску"
126050166,191,10085963,1561,7624,5,28651,84,"ТЫСЯЧА СТОЛИЦ","Рубашка оверсайз офисная"
608341673,192,10008168,1443,6509,5,2256,72,"KARYLINE","Блузка шелковая оверсайз рубашка атласная в офис"
850368656,193,9978439,2021,5016,5,693,55,"SUNDRESSLOVE","Туника пляжная накидка рубашка на купальник"
228172274,194,9920945,1700,5866,5,7226,64,"ABBI ROOM","Летняя рубашка оверсайз пляжная"
579032950,195,9843822,2457,3614,5,23944,40,"Apparelle","Рубашка оверсайз однотонная офисная"
236497867,196,9839208,3646,2635,5,5451,29,"KRUZHEVA","Костюм летний хлопковый с шортами и рубашкой"
366446311,197,9827979,1312,7026,5,6794,77,"Weara","Удлиненная блузка"
506844054,198,9820608,2449,6249,5,4732,69,"Flouze","Коричневая рубашка в полоску нарядная"
219401069,199,9768655,1860,3961,5,15247,44,"AIDEMIKO","Рубашка из муслина с длинным рукавом оверсайз"
558252101,200,9759474,3089,4282,5,2287,47,"INSPIRE ONE","Блузка нарядная офисная стильная атласная"
506065813,201,9737363,1842,5786,5,434,64,"VERY ME","Рубашка школьная девочковая"
860545176,202,9704818,3095,4203,5,504,46,"МАША КОЛЛЕКЦИЯ","Блузка нарядная с кружевом вечерняя"
443125797,203,9672850,3901,2177,5,140,24,"SECTAM STUDIO","Блузка нарядная вечерняя тенсель"
824943313,204,9642882,1060,7176,5,442,79,"","Рубашка оверсайз марлевка прозрачная летняя"
969291215,205,9592199,2374,3477,5,1311,38,"Julia White","Блузка нарядная кружевная ципао"
5941197,206,9584341,3462,3139,5,1888,34,"MAGIC PEOPLE","Блузка летняя с коротким рукавом"
230753308,207,9556665,1500,6968,5,3365,77,"Chika shop","Рубашка оверсайз прозрачная летняя легкая"
471370087,208,9554850,1454,6115,5,6041,67,"mgnovenie","Рубашка классическая офисная"
136137440,209,9532647,2819,4877,5,3744,54,"Che Coso Estilo","Рубашка блузка офисная школьная оверсайз шелковая"
432981563,210,9474556,1686,5553,5,1698,61,"Oljo","Летняя прозрачная оверсайз рубашка из хлопка"
971351680,211,9471969,1339,6763,5,413,74,"UVA style","Рубашка летняя оверсайз марлевка"
434589393,212,9451398,2310,4961,5,4866,55,"PREMIUM B","Рубашка в полоску нарядная"
529019718,213,9441028,3130,3414,5,1152,38,"twoself","Рубашка джинсовая оверсайз"
243637402,214,9438716,3633,3124,5,2020,34,"Blackpires","Рубашка белая оверсайз с длинным рукавом"
13894377,215,9436168,1548,9276,5,73375,102,"Malozemoff","Рубашка базовая для офиса и школы"
822215299,216,9424869,2001,4840,5,633,53,"SUNDRESSLOVE","Туника пляжная накидка рубашка на купальник"
335603789,217,9399077,1485,6205,5,946,68,"LS style","Рубашка оверсайз в полоску"
224436265,218,9398522,1397,7588,5,3346,83,"Neman.","Блузка на завязке"
342085976,219,9374288,2729,3432,5,1970,38,"Северная Лагуна","Блузка офисная с коротким рукавом рубашка школьная"
770842529,220,9368892,2310,5215,5,1036,57,"Flouze","Рубашка на запах в полоску"
920440764,221,9363025,1684,5393,5,604,59,"Meriline Style","Блузка летняя нарядная больших размеров с коротким рукавом"
169443377,222,9258178,1813,7215,5,6871,79,"Elim","Рубашка белая оверсайз базовая для офиса и школы блузка"
784133179,223,9250121,2109,4305,5,1253,47,"the.xristi","Рубашка oversize с кружевом летняя"
317965316,224,9249176,1596,6086,5,609,67,"Zella","Рубашка летняя легкая туника парео пляжное муслин хлопок100%"
589941163,225,9236717,1879,5337,5,1671,59,"LallyRose","Блузка нарядная повседневная"
317966623,226,9229436,1648,5990,5,768,66,"Zella","Рубашка летняя туника парео пляжное легкое"
347864944,227,9206957,1428,5909,5,1502,65,"UVA style","Рубашка оверсайз марлевка летняя"
135780953,228,9170949,2674,4252,5,7407,47,"Che Coso Estilo","Блузка офисная школьная нарядная шелковая"
817614046,229,9105222,2630,3615,5,734,40,"Alesta Bis","Рубашка школьная хлопок блузка летняя"
722709952,230,9101515,1232,6935,5,892,76,"Plain River","Рубашка белая хлопковая прямая с приспущенным плечом"
27920067,231,9100779,2104,4762,5,6253,52,"LookStyle","Блузка летняя нарядная белая под пиджак больших размеров"
878643005,232,9063001,1312,6296,5,718,69,"","Рубашка школьная для девочки с длинным рукавом"
150354955,233,9012032,1347,6586,5,8539,72,"ilookhome","Рубашка в клетку оверсайз удлиненная теплая"
849230094,234,8995152,1654,5313,5,356,58,"MOLLYLANS","Нарядная блузка школьная"
971554937,235,8939417,3576,2442,5,321,27,"People in Popsi","Блузка больших размеров оверсайз летняя"
676611002,236,8905446,1251,6564,5,2705,72,"Elaria Fam","Рубашка оверсайз прозрачная летняя"
496515059,237,8896966,1559,5956,5,5377,65,"KARYLINE","Рубашка в клетку оверсайз удлиненная"
360707484,238,8889000,4615,1828,5,821,20,"GVEN LINE","Прозрачная блузка с воланами"
506567027,239,8864575,2449,5081,5,4732,56,"Flouze","Бежевая рубашка в полоску нарядная"
857489117,240,8837598,2310,6104,5,2926,67,"PREMIUM B","Рубашка ласточка на запах в полоску"
226608706,241,8826837,2316,3803,5,4208,42,"LOOKBALANCE","Блузка базовая под пиджак кружевная"
329840949,242,8808441,1775,4887,5,3716,54,"Larss","Туника пляжная накидка на купальник"
859061954,243,8792737,2790,2176,5,323,24,"ONENESS","Блузка женская летняя нарядная с баской"
240864325,244,8782954,1243,6457,5,10108,71,"ТЫСЯЧА СТОЛИЦ","Блузка летняя без рукавов"
560141628,245,8777562,1440,6537,5,1160,72,"Girl&Shirt","Рубашка белая базовая оверсайз повседневная"
415252860,246,8770541,2527,3996,5,1351,44,"OuMoona","Костюм летний шелковый с шортами и рубашкой"
502677611,247,8754810,1706,5845,5,1085,64,"","Рубашка в клетку удлиненная"
176252339,248,8738054,2457,3447,5,24065,38,"Apparelle","Рубашка оверсайз в полоску"
380715383,249,8725289,1548,7667,5,31349,84,"Malozemoff","Рубашка классическая приталенная офисная школьная"
454172327,250,8705869,1904,4589,5,2781,50,"KM STYLE","Рубашка блузка с воланами оверсайз"
391680085,251,8683174,1909,5991,5,56541,66,"IHO WEAR","Рубашка оверсайз с коротким рукавом школьная летняя"
427725183,252,8682708,1805,3902,5,1376,43,"top4u","Рубашка в полоску с коротким рукавом нарядная офисная"
380719100,253,8682519,1548,7526,5,31349,83,"Malozemoff","Рубашка классическая приталенная офисная школьная"
312941468,254,8679253,1816,5416,5,3111,60,"WHITE TREES","Рубашка белая базовая оверсайз для офиса и школы"
326237959,255,8663576,1849,6791,5,1898,75,"EL&KA","Рубашка белая оверсайз базовая для офиса и школы блузка"
153123946,256,8657590,1245,7656,5,9493,84,"ANVERi.","Блузка женская нарядная летняя больших размеров"
321964199,257,8625826,2255,4288,5,3735,47,"Roconda","Рубашка с коротким рукавом муслиновая льняная"
317966627,258,8613034,1648,5542,5,1135,61,"Zella","Рубашка летняя туника парео пляжное легкое"
822208117,259,8578370,2003,4367,5,577,48,"SUNDRESSLOVE","Туника пляжная накидка рубашка на купальник"
1023702571,260,8507144,1646,6627,5,235,73,"SEDAR","Рубашка хлопковая с капюшоном пляжная оверсайз"
1143124650,261,8501869,2608,3368,5,332,37,"MILANA FASHION","Рубашка блузка офисная с баской"
342248357,262,8475111,2060,3656,5,1707,40,"VZROSLAЯ","Рубашка оверсайз в полоску"
333428987,263,8407037,3875,1919,5,966,21,"ОСКО","Рубашка летняя льняная оверсайз"
453765273,264,8401878,1992,4519,5,3143,50,"Аisаmikg","Рубашка на запах в полоску"
493955687,265,8389039,1344,5815,5,815,64,"needlе","Рубашка в клетку оверсайз удлиненная"
844468292,266,8386278,1860,3319,5,15254,36,"AIDEMIKO","Рубашка из муслина с длинным рукавом оверсайз"
397506230,267,8355218,840,4560,4,313,50,"top4u","Рубашка летняя марлевка"
821326136,268,8332781,2825,2889,5,327,32,"SUNDRESSLOVE","Туника пляжная рубашка с шортами на купальник"
160450145,269,8311017,2034,4666,5,2348,51,"Baleroshka","Блузка школьная с коротким рукавом"
165095645,270,8274715,2255,4097,5,3735,45,"Roconda","Рубашка с коротким рукавом муслиновая льняная"
1065857796,271,8274254,2720,2576,5,314,28,"RHYTHM WEAR","Кружевная вечерняя блузка ципао с коротким рукавом нарядная"
1221393867,272,8271704,1032,7745,5,502,85,"Insolito","Блузка школьная нарядная с длинным рукавом"
331015911,273,8270123,3158,2862,5,2916,31,"AIRSCRUBS","Блузка шифоновая с баской нарядная летняя длинные рукава"
731083725,274,8255907,1336,7274,5,1039,80,"ilookhome","Рубашка классическая для школы теплая"
848421213,275,8247431,1196,4497,5,1815,49,"AIDEMIKO","Рубашка муслиновая летняя нарядная"
948397079,276,8238886,2200,3559,5,2862,39,"KM STYLE","Рубашка приталенная с завязками в полоску с коротким рукавом"
167646964,277,8237746,3032,2921,5,3018,32,"Limonti","Белая рубашка больших размеров офисная оверсайз"
1052215928,278,8228888,1826,7071,5,1681,78,"Dapper Edge","Рубашка оверсайз школьная офисная"
320991714,279,8218313,3918,2004,5,843,22,"KATY PRETTY","Джинсовая рубашка оверсайз"
399152754,280,8174437,1717,6349,5,1801,70,"TEKCA.LINE","Блузка рубашка женская белая школьная офисная приталенная"
219401068,281,8171177,1860,3284,5,15247,36,"AIDEMIKO","Рубашка из муслина с длинным рукавом оверсайз"
340752285,282,8140888,2323,5113,5,1683,56,"ТЫСЯЧА СТОЛИЦ","Блузка летняя шитье больших размеров"
770766291,283,8132294,2310,4498,5,1036,49,"Flouze","Рубашка на запах в полоску ласточка"
844468291,284,8131338,1922,3299,5,15254,36,"AIDEMIKO","Рубашка из муслина с длинным рукавом оверсайз"
327957543,285,8079566,1967,5600,5,5326,62,"ТЫСЯЧА СТОЛИЦ","Рубашка в полоску"
603859679,286,8068757,1710,7030,5,1256,77,"Sol de Luna","Блузка нарядная летняя больших размеров"
762108972,287,8034336,3121,2290,5,166,25,"GVEN LINE","Блузка с воланами без рукава"
57778209,288,8009447,1895,4973,5,16383,55,"MOVATTY","Нарядная блузка школьная"
295644398,289,8001016,1716,4849,5,2402,53,"ТЫСЯЧА СТОЛИЦ","Рубашка офисная в полоску"
724652094,290,7970526,878,7285,5,3716,80,"PREMIUM B","Рубашка оверсайз летний хлопок"
482779806,291,7966722,1710,7281,5,910,80,"AklSon","рубашка на пуговицах"
821931686,292,7965449,1610,5218,5,1359,57,"Байрасс","рубашка полоску оверсайз"
452474481,293,7957581,1878,7127,5,733,78,"AklSon","нарядная рубашка на пуговицах"
558466034,294,7954326,1437,6023,5,628,66,"Natali Ego","Рубашка белая классическая прямая базовая для офиса и школы"
269968122,295,7944270,1989,4591,5,2739,50,"Camicia","Блузка топ белая школьная"
789275060,296,7938560,1224,5489,5,406,60,"","Рубашка оверсайз прозрачная летняя"
213089525,297,7926804,2720,3349,5,10075,37,"COSMO BRAND","Хлопковая рубашка в полоску оверсайз летняя"
236224319,298,7908342,1705,7026,5,5235,77,"B&F","Рубашка в школу оверсайз у2к с галстуком"
806612785,299,7892374,2127,3814,5,3352,42,"TFC","Рубашка оверсайз летняя муслиновая"
484545264,300,7883849,1372,5495,5,3801,60,"ТЫСЯЧА СТОЛИЦ","Рубашка летняя нарядная"
848421215,301,7867745,1380,4275,5,1815,47,"AIDEMIKO","Рубашка муслиновая летняя нарядная"
316692976,302,7853651,3917,2722,5,583,30,"DayZing","Джинсовая рубашка оверсайз"
466785923,303,7848563,2352,3954,5,3133,43,"CAMPBI","Рубашка школьная с коротким рукавом"
432540772,304,7833562,1283,5789,5,964,64,"INLITE","Рубашка летняя прозрачная для пляжа"
729402480,305,7824118,1465,4740,5,9742,52,"mgnovenie","Рубашка летняя легкая оверсайз"
367084326,306,7805709,2924,3443,5,1172,38,"TFORMA","Рубашка школьная для девочки оверсайз"
478029216,307,7735353,1421,5480,5,1194,60,"MARK!ZA","Блузка женская летняя нарядная рубашка большие размеры"
565603535,308,7731474,1653,5152,5,445,57,"MAVEL","Рубашка белая с длинным рукавом школьная"
537747577,309,7705033,1451,5167,5,5377,57,"KARYLINE","Рубашка в клетку оверсайз удлиненная"
70804925,310,7702010,1617,5079,5,3931,56,"Elimi","Рубашка оверсайз шелковая блузка в офис"
827367052,311,7680837,4602,1470,5,277,16,"SATUEL","Блузка туника прозрачная летняя"
302694844,312,7626113,1834,3822,5,2888,42,"22 LeveL","Рубашка в полоску голубая офисная"
982948049,313,7566998,3782,2318,5,200,25,"ELLEON SPORT","Рубашка нарядная с кружевом больших размеров"
823066226,314,7561213,3027,4269,5,346,47,"UMALOOK","Рубашка на запах в полоску old money"
806592846,315,7476720,2127,3586,5,3352,39,"TFC","Рубашка оверсайз летняя муслиновая"
335604499,316,7473446,960,5501,5,809,60,"LS style","Рубашка оверсайз в полоску"
128560149,317,7446177,2239,4244,5,29828,47,"TIHEYA","Рубашка блузка оверсайз шелковая нарядная в школу"
493792944,318,7426435,2129,5870,5,1383,65,"ТЫСЯЧА СТОЛИЦ","Блузка оверсайз нарядная больших размеров"
806367672,319,7426163,1530,5296,5,574,58,"BrandUP","Блузка офисная нарядная летняя с коротким рукавом"
317965286,320,7412558,1442,5463,5,1364,60,"Zella","Рубашка летняя легкая туника парео пляжное хлопок100%"
345358049,321,7408444,3060,2692,5,3246,30,"Golden Code","Рубашка блузка офисная нарядная школьная с воланами и рюшами"
500129427,322,7364772,1407,4297,5,1342,47,"Purrr","Блузка бохо из муслина"
529019723,323,7362576,3130,2262,5,1152,25,"twoself","Рубашка джинсовая оверсайз"
953641319,324,7318393,3034,2056,5,2628,23,"TIZOMO","Блузка нарядная офисная"
809628456,325,7312341,1432,4123,5,412,45,"INLITE","Рубашка весенняя в клетку с кружевом"
199959124,326,7270113,2457,3005,5,24067,33,"Apparelle","Рубашка оверсайз в полоску"
877254358,327,7264305,2316,3284,5,330,36,"VZROSLAЯ","Рубашка оверсайз в полоску с кружевом"
505512078,328,7256862,897,7941,5,1725,87,"ТЫСЯЧА СТОЛИЦ","Блузка летняя на лямках и завязках"
236964028,329,7254112,2471,2626,5,3259,29,"PARA SLOW","Блузка женская с завязками летняя ципао"
1011722127,330,7246735,3467,1839,5,329,20,"VIVA VEA","Рубашка льняная летняя с коротким рукавом"
676601437,331,7217461,1251,4512,5,2705,50,"Elaria Fam","Рубашка оверсайз прозрачная летняя"
446097373,332,7205999,2255,3211,5,3735,35,"Roconda","Рубашка с коротким рукавом муслиновая льняная"
756180561,333,7198195,2451,3321,5,736,36,"twoself","Блузка нарядная с коротким рукавом летняя"
898452155,334,7163647,1387,4537,5,776,50,"TIHEYA","Рубашка летняя оверсайз хлопок лен"
202914135,335,7163066,1421,6315,5,14221,69,"Gulsun Dynasty","Блузка нарядная офисная больших размеров"
321718790,336,7162418,2083,3380,5,2862,37,"KM STYLE","Рубашка женская оверсайз удлиненная в полоску"
1147103189,337,7124558,2447,3167,5,230,35,"TFC","Рубашка оверсайз офисная школьная"
263600644,338,7111294,2211,3761,5,819,41,"Гардеробная принцессы","блузка школьная с жабо"
1015554229,339,7107419,1214,5678,5,683,62,"ТВОЕ","Блузка летняя оверсайз с длинным рукавом"
771499220,340,7104540,1550,4642,5,583,51,"BAZ.A","Школьная блузка с коротким рукавом нарядная больших размеров"
874250390,341,7099527,2255,3044,5,253,33,"BAZA brand","Рубашка в полоску с кружевом"
758590540,342,7097491,3129,2143,5,406,24,"KATY PRETTY","Летняя нарядная блузка с коротким рукавом"
173173882,343,7069887,1425,5429,5,5102,60,"ФАРМАН","Блузка на завязке"
421031041,344,7068925,1215,5956,5,348,65,"HANBIYKE","Нарядная летняя блузка больших размеров"
325920031,345,7066108,1557,4335,5,2269,48,"MOLLYLANS","Нарядная блузка школьная"
909688125,346,7054993,2393,2879,5,165,32,"BOZBU","Блузка шелковая с коротким рукавом приталенная"
952428425,347,7044959,1000,8306,5,617,91,"Fart Favorita","Летняя блузка рубашка больших размеров"
804466662,348,7036843,1920,5736,5,807,63,"MeAdi Brand","Летняя рубашка из льна с кружевами"
219730239,349,7036242,2980,2948,5,4332,32,"D&U mens","Рубашка с длинным рукавом оверсайз"
238004792,350,7017240,1525,5349,5,1885,59,"СПЛЕТНИ","Рубашка нарядная оверсайз офисная больших размеров"
893360675,351,7014782,1925,3870,5,410,43,"","Рубашка оверсайз в полоску"
563077174,352,7006178,1430,5300,5,852,58,"UrbanBasics","Рубашка хлопковая прямая школьная и офисная"
624530431,353,7003243,3226,1709,5,281,19,"KATY PRETTY","Льняная офисная рубашка оверсайз с коротким рукавом"
500125736,354,6991587,1390,5169,5,1154,57,"Purrr","Рубашка в клетку теплая удлиненная"
885234233,355,6916877,1250,4877,5,238,54,"","Рубашка оверсайз летняя в полоску"
538876955,356,6908227,2156,3515,5,508,39,"CHARMONE","Блузка рубашка шелковая офисная приталенная с завязками"
206581334,357,6902818,3102,1871,5,1441,21,"vaNTaime","Джинсовая рубашка оверсайз больших размеров"
1066760921,358,6879549,1900,4091,5,1926,45,"LallyRose","Рубашка в полоску оверсайз"
791376938,359,6877421,1761,3251,5,450,36,"Текстиль Хаус","Блузка нарядная офисная летняя больших размеров"
1011722128,360,6875854,3467,1706,5,329,19,"VIVA VEA","Рубашка льняная летняя с коротким рукавом"
812027527,361,6868468,1972,4493,5,395,49,"","Блузка женская"
1007111195,362,6866683,1386,4975,5,1139,55,"CHELEBI/Челеби-Текстиль","Рубашка летняя жатка блуза с длинным рукавом легкая"
237277883,363,6853547,1506,5063,5,1646,56,"LERAND","Блузка офисная с коротким рукавом больших размеров"
847353979,364,6852998,2338,2958,5,325,33,"DEN EMOTION","Блуза асимметричная шёлковая атласная с кружевом летняя"
291051940,365,6852439,2007,3613,5,6708,40,"Hey May","Блузка женская офисная с длинным рукавом"
341718816,366,6852068,1460,5268,5,5693,58,"ТЫСЯЧА СТОЛИЦ","Блузка больших размеров нарядная"
229149966,367,6843196,671,5828,5,980,64,"BONTA LOVE","Блузка летняя офисная с коротким рукавом"
167684947,368,6836969,2392,2875,5,8074,32,"Lagna","Блузка рубашка офисная с длинным рукавом школьная шелковая"
920430014,369,6830335,1675,3886,5,445,43,"Meriline Style","Блузка летняя нарядная больших размеров с коротким рукавом"
963731363,370,6822318,2667,2587,5,2910,28,"MIXMARI","Блузка женская летняя больших размеров с коротким рукавом"
735788674,371,6816685,4896,1302,5,50,14,"GVEN LINE","Прозрачная блузка с воланами"
219401073,372,6807269,1860,2726,5,15247,30,"AIDEMIKO","Рубашка из муслина с длинным рукавом оверсайз"
316690210,373,6805113,4514,1728,5,676,19,"KATY PRETTY","Нарядная кружевная блузка школьная офисная"
80443162,374,6786144,1393,6132,5,25329,67,"Bentog","Туника рубашка хлопковая больших размеров"
309656357,375,6772566,1767,4146,5,2246,46,"MANAR СТИЛЬ!","Блузка офисная больших размеров нарядная"
5941199,376,6772368,3462,2203,5,7215,24,"MAGIC PEOPLE","Блузка летняя офисная"
905290835,377,6764756,3390,2053,5,172,23,"ЕвроМода","Блузка летняя нарядная с жабо в офис под пиджак"
767514997,378,6757604,1428,5508,5,539,61,"UNISHIRT","Рубашка приталенная классическая школьная офисная"
940763061,379,6737527,879,4551,5,370,50,"SANTE","Блузка нарядная в горошек"
466608906,380,6737407,3081,2374,5,1227,26,"VIVA VEA","Блузка льняная летняя офисная с коротким рукавом"
233889586,381,6732179,1336,6075,4,3431,67,"ilookhome","Рубашка классическая для школы"
458576699,382,6727319,3892,1682,5,245,18,"D.I.V.A.","Блузка нарядная шелковая в офис оверсайз"
317737059,383,6724110,3106,3193,5,1382,35,"Colorvibe","Рубашка блузка офисная школьная оверсайз шелковая"
68745006,384,6710796,1393,5902,5,25329,65,"Bentog","Туника рубашка хлопковая больших размеров"
219401070,385,6701988,1860,2714,5,15247,30,"AIDEMIKO","Рубашка из муслина с длинным рукавом оверсайз"
320395251,386,6686535,2567,3248,5,1431,36,"BYKEN","рубашка школьная с завязками"
932533690,387,6676174,1000,4124,5,789,45,"STUDIO312","Блузка офисная нарядная больших размеров"
838732539,388,6673491,1157,4259,5,383,47,"DEN EMOTION","Летняя зеленая рубашка в полоску с кружевом оверсайз"
1059619933,389,6670547,800,7509,5,5709,83,"LallyRose","Блузка летняя с коротким рукавом"
755343786,390,6667045,2457,2880,5,23944,32,"Apparelle","Рубашка в полоску оверсайз хлопок"
474746165,391,6665259,1710,5374,5,2478,59,"STUDIO312","Блузка офисная больших размеров"
817215481,392,6659509,2485,2860,5,354,31,"Qianzhidu","Блузка летняя нарядная белая"
316690105,393,6654982,3611,1837,5,636,20,"KATY PRETTY","Блузка нарядная офисная праздничная с воланами"
579037413,394,6644473,2457,2580,5,23944,28,"Apparelle","Рубашка оверсайз однотонная офисная"
229104022,395,6643014,1747,3443,5,5684,38,"Alesta Bis","Блузка рубашка школьная с коротким рукавом"
506566297,396,6634600,2413,4346,5,4732,48,"Flouze","Розовая рубашка в полоску на завязках"
497741245,397,6627590,4291,1679,5,263,18,"I am pijama","Пижама рубашка с шортами домашний костюм"
678581884,398,6626459,3413,2215,5,1011,24,"Sitteria","Нарядная блузка с широкими рукавами фонариками"
237184133,399,6619689,1783,4413,5,997,48,"RUBASHKARICH R.R","Рубашка оверсайз леопардовая вечерняя офисная летняя"
273099557,400,6604363,2429,3452,5,7027,38,"AVRONLART","Рубашка оверсайз белая для офиса хлопок"
60607012,401,6598671,2702,3145,5,25210,35,"Enmoone","Рубашка блузка офисная школьная оверсайз"
370284542,402,6583575,2316,2228,5,1016,24,"maniki","Блузка летняя нарядная шитье"
603859681,403,6567310,1710,5854,5,995,64,"Sol de Luna","Блузка нарядная летняя больших размеров"
297823449,404,6562385,2099,3525,5,3987,39,"ESPERO","Рубашка оверсайз школьная офисная"
241450167,405,6553696,1181,4969,5,3801,55,"ТЫСЯЧА СТОЛИЦ","Рубашка летняя"
157317931,406,6550921,3391,1546,5,720,17,"KATY PRETTY","Блузка нарядная летняя ажурная"
757262495,407,6546304,2358,2783,5,1506,31,"Magic pike","Рубашка в полоску оверсайз"
471105452,408,6545495,1800,4314,5,5702,47,"LallyRose","Блузка нарядная кимоно"
437953694,409,6512879,1760,3935,5,2548,43,"MEnter","Топ блузка оверсайз офисная без рукавов"
68199095,410,6499089,2662,3112,5,8271,34,"Colorvibe","Блузка офисная школьная нарядная шелковая"
211166401,411,6480960,1050,7330,5,2083,81,"ANIKE","Блузка женская нарядная больших размеров"
432685445,412,6470767,2435,2434,5,98,27,"","Блузка летняя с баской нарядная оверсайз"
1052571076,413,6465558,1826,5699,5,2275,63,"Dapper Edge","Рубашка базовая школьная офисная"
316769186,414,6464269,2346,2680,5,1330,29,"Che Coso Estilo","Блузка нарядная приталенная с баской летняя"
559486965,415,6460084,1486,4556,5,734,50,"Natali Ego","Рубашка базовая классическая прямая для офиса и школы"
409386484,416,6447945,3158,2281,5,2916,25,"AIRSCRUBS","Блузка кружевная бежевая летняя свободная с баской"
112514581,417,6447257,2812,3264,5,4906,36,"Vatum","Рубашка блузка офисная школьная оверсайз шелковая"
361257238,418,6434937,1415,5126,5,7515,56,"Wonderful Life","Блузка летняя офисная с коротким рукавом и в школу"
309656679,419,6420540,1805,4077,5,1807,45,"MANAR СТИЛЬ!","Блузка офисная больших размеров нарядная"
109086323,420,6402399,1659,4234,5,5206,47,"Malozemoff","Рубашка офисная школьная"
910427779,421,6400083,3366,3590,5,202,39,"FLURBLO","Рубашка приталенная в полоску"
110359674,422,6364418,2055,2989,5,4696,33,"VКОМОДЕ","Рубашка льняная оверсайз из 100% хлопка"
1140871626,423,6352194,2511,4103,5,1583,45,"Red Flag","Блузка рубашка поло с длинным рукавом by Karina Paletskikh"
162671374,424,6346435,2260,3038,5,13296,33,"MOUCHE","Блузка праздничная c коротким рукавом"
1129050842,425,6336077,3440,1242,5,1227,14,"VIVA VEA","Блузка льняная летняя офисная с коротким рукавом"
396520315,426,6334396,1096,4284,5,16229,47,"THIRTEEN BRAND","Рубашка в клетку оверсайз"
224873943,427,6333223,1870,2736,5,370,30,"ARIANA plus BFU","Летняя рубашка в клетку большие размеры"
215163512,428,6325678,1568,5120,5,6970,56,"Camicia","Блузка летняя нарядная с короткими рукавами"
951677026,429,6307007,2444,2423,5,784,27,"Alesta Bis","Рубашка летняя с коротким рукавом хлопок 100%"
453236678,430,6305568,1410,3818,5,3406,42,"ТЫСЯЧА СТОЛИЦ","Блузка летняя с короткими рукавами"
119889028,431,6304273,1336,5855,5,8870,64,"ilookhome","Рубашка классическая для школы теплая"
397222753,432,6296775,2197,3446,5,866,38,"","Хлопковая Нарядная белая блузка с кружевом"
832210403,433,6283755,1900,3825,5,430,42,"TemeaCo","Рубашка на запах в полоску с кружевом"
444602835,434,6277128,2316,2753,5,1009,30,"Teen Stories","Рубашка голубая в белую полоску школьная"
803782456,435,6276742,1282,3640,5,2123,40,"ТЕЛОДВИЖЕНИЯ","Рубашка с длинным рукавом оверсайз в полоску"
372859837,436,6270303,1232,4618,5,6794,51,"Weara","Блузка рубашка офисная с коротким рукавом"
200033356,437,6269411,1722,4736,5,7664,52,"STUDIO312","Блузка офисная больших размеров"
237913172,438,6251708,1432,4648,5,1230,51,"LERAND","Блузка офисная с коротким рукавом нарядная"
918857521,439,6249144,2576,2525,5,175,28,"Zella","Блузка летняя хлопковая в больших размерах"
1065869725,440,6239113,2614,2000,5,314,22,"RHYTHM WEAR","Кружевная вечерняя блузка ципао с коротким рукавом нарядная"
879127797,441,6237127,2475,2605,5,96,29,"","Блузка летняя из кружева с баской"
786821761,442,6231972,1000,4660,5,1243,51,"STUDIO312","Блузка офисная нарядная больших размеров"
560149669,443,6223136,1480,4595,5,519,50,"Girl&Shirt","Рубашка голубая хлопковая оверсайз с приспущенным плечом"
621558472,444,6221456,1614,4098,5,705,45,"Galala","Футболка блузка с драпировкой нарядная"
507139528,445,6218233,2267,3124,5,552,34,"Délicouture","Рубашка белая оверсайз"
536337247,446,6209782,2071,2985,5,584,33,"Clover brand","Летняя рубашка в полоску оверсайз как из PINTEREST"
338630900,447,6209719,1285,6535,5,6600,72,"ТЫСЯЧА СТОЛИЦ","Блузка нарядная с принтом"
453183029,448,6209601,1113,4948,5,19373,54,"ТЫСЯЧА СТОЛИЦ","Блузка летняя шитье с открытой спиной"
332715078,449,6201673,1188,4174,5,967,46,"","Туника рубашка большие размеры"
758510861,450,6186922,2823,2384,5,380,26,"LDLATTE","Блузка атласная с коротким рукавом"
809655650,451,6186570,1283,4364,5,433,48,"INLITE","Рубашка летняя прозрачная для пляжа"
241968713,452,6148291,3289,2258,5,1296,25,"ADM store","Нарядная блузка с коротким рукавом праздничная"
327476193,453,6147623,1395,4506,5,2958,50,"ТЫСЯЧА СТОЛИЦ","Блузка шитье больших размеров"
397506229,454,6137084,840,3947,5,413,43,"top4u","Рубашка летняя марлевка"
405747560,455,6136673,1911,3345,5,288,37,"BISMON","Голубая рубашка в полоску летняя"
730541507,456,6131344,950,3526,5,835,39,"STUDIO312","Блузка нарядная летняя с коротким рукавом"
523814290,457,6123444,2310,4220,5,4868,46,"PREMIUM B","Рубашка в полоску нарядная"
349741941,458,6122603,1556,4235,5,4079,47,"ТЫСЯЧА СТОЛИЦ","Блузка нарядная летняя больших размеров"
649252601,459,6121446,1751,3761,5,964,41,"A.Moretti","Рубашка хлопковая базовая оверсайз для офиса и школы"
314153070,460,6112475,1700,3652,5,2658,40,"DEN EMOTION","Рубашка в клетку оверсайз зеленая - розовая"
71451342,461,6105848,2260,3033,5,13296,33,"MOUCHE","Блузка летняя большие размеры"
756409014,462,6104109,1531,5120,5,3619,56,"LifeStyle37","Хлопковая рубашка на осень в офис на учебу"
370284541,463,6097844,2246,2269,5,1016,25,"maniki","Блузка рубашка летняя нарядная шитье"
324949320,464,6080961,1172,3724,5,9739,41,"mgnovenie","Рубашка летняя легкая оверсайз"
35511852,465,6072155,1752,3257,5,5073,36,"Envy Lab","Рубашка oversize"
449293152,466,6060938,2579,2458,5,1773,27,"Бусик","Рубашка летняя прозрачная удлиненная"
236191401,467,6060119,2783,2445,5,2976,27,"RUBASHKARICH R.R","Рубашка в клетку теплая с капюшоном"
396151624,468,6059261,1326,4159,5,878,46,"UVA style","Рубашка летняя марлевка пляжная"
884698523,469,6051380,3411,2464,5,250,27,"МАША КОЛЛЕКЦИЯ","блузка нарядная кружевная вечерняя офисная"
405747561,470,6049907,1274,3817,5,626,42,"BISMON","Розовая рубашка в полоску свободная"
327957546,471,6038612,1967,4057,5,5326,45,"ТЫСЯЧА СТОЛИЦ","Рубашка в полоску"
229151143,472,6031501,929,5485,5,817,60,"BONTA LOVE","Блузка офисная с коротким рукавом"
369841764,473,6023404,1448,3909,5,3773,43,"НеМода","Блузка белая в школу"
473173623,474,6018738,1058,3771,5,447,41,"DEN EMOTION","Рубашка в клетку оверсайз как из PINTEREST Бело - Коричневая"
165629769,475,6014967,1345,7415,5,28546,81,"ТЫСЯЧА СТОЛИЦ","Блузка летняя шитье офисная больших размеров"
229150832,476,6013586,959,4614,5,879,51,"BONTA LOVE","Блузка летняя офисная с коротким рукавом"
237865170,477,5990208,1876,3573,5,608,39,"RUBASHKARICH R.R","Рубашка лен с коротким рукавом офисная летняя"
412018764,478,5979022,1384,4213,5,1527,46,"Purrr","Рубашка длинная оверсайз в полоску"
234623207,479,5968298,1069,6617,5,4047,73,"ilookhome","Рубашка классическая в полоску для школы"
212786872,480,5956438,3071,2134,5,1633,23,"IL'MADA","Блузка нарядная с коротким рукавом"
85804496,481,5952461,932,6946,5,4600,76,"Larss","Туника пляжная летняя накидка на купальник"
879193672,482,5937272,2864,2821,5,584,31,"Minels","Блузка нарядная праздничная с воланами и рюшами рубашка"
317965438,483,5935633,1906,3132,5,567,34,"Zella","Рубашка летняя туника пляжное легкое парео 100% вискоза"
851518286,484,5935590,1000,5710,5,782,63,"Lady of the Moon","Блузка летняя с коротким рукавом стильная"
804261057,485,5918504,1099,4024,5,270,44,"","Рубашка оверсайз прозрачная летняя"
908084396,486,5911451,750,8329,5,438,92,"Lady of the Moon","Блузка офисная с рукавами из шифона"
848406119,487,5886849,3755,1746,5,183,19,"Алакен Маратисс","Рубашка летняя оверсайз хлопковая в цветочек нарядная"
226531508,488,5878748,1426,4246,5,1337,47,"Ailun Collection","Блузка летняя больших размеров"
243213907,489,5878243,950,5024,5,2441,55,"AklSon","рубашка на завязках"
415257294,490,5877146,2527,2588,5,891,28,"OuMoona","Костюм летний шелковый с шортами и рубашкой"
1010241194,491,5866777,1500,4244,5,254,47,"AF&MA","Рубашка оверсайз марлевка прозрачная летняя для пляжа"
1007788663,492,5835957,2017,4244,5,384,47,"Dejante","Блузка летняя с коротким рукавом"
218995105,493,5828418,1430,4378,5,5503,48,"UNISHIRT","Рубашка белая базовая хлопковая"
210891480,494,5778643,1484,3916,5,4869,43,"SUNDRESSLOVE","Туника пляжная летняя накидка на купальник оверсайз рубашка"
241450168,495,5757738,1220,4435,5,3801,49,"ТЫСЯЧА СТОЛИЦ","Рубашка летняя легкая"
473154467,496,5756928,1357,3107,5,648,34,"DEN EMOTION","Летняя розовая рубашка в полоску оверсайз как из PINTEREST"
780563173,497,5755764,3060,1589,5,229,17,"BAFA_NOVA","Блузка оверсайз с баской из вискозы"
881342820,498,5755722,2310,3724,5,1036,41,"Flouze","Рубашка на запах коричневый в полоску"
1035713389,499,5752287,5654,838,5,52,9,"OKSANA UTOVA BRAND","Блузка в горошек оверсайз с воланами"
226672698,500,5751470,1307,5088,5,5729,56,"Bergamask","Гавайская рубашка оверсайз y2k"
